team,season,ufga,ufgm,pts_off_tov,pts_paint,ufgp,Wins,Losses,FGM,FGA,FG%,2pm,2pa,2p%,3PM,3PA,3P%,FTM,FTA,FT%,OREB,DREB,REB,AST,TOV,STL,BLK,BLKA,PF,PFD,+/-,UncontestedAssists,GP,MIN_x,MIN_y,DEFRTG,AST%,AST/TO,AST RAT,OREB%,DREB%,TOV%,EFG%,TS%,PACE,PIE,OPP PTS OFF TOV,OPP PTS 2ND CHANCE,OPP PTS FB,OPP PTS PAINT
76ers,2014,11856,4616,6202,13532,0.389338731,18,64,2765,6777,40.8,2073,4617,0.448992853,692,2160,32,1320,1953,67.6,978,2536,3514,1683,1453,789,487,454,1778,1657,-736,2.742721331,82,1364,3961,104.2,65.7,1.48,18.5,26.4,78.3,17.1,51.8,55.3,103.13,51.3,1687,1144,1200,3420
76ers,2015,12640,5200,7514,18092,0.411392405,10,72,2970,6887,43.1,2206,4632,0.476252159,764,2255,33.9,1284,1850,69.4,777,2605,3382,1765,1343,680,495,466,1780,1571,-839,2.946175637,82,3961,3961,106.7,59.4,1.31,16.3,20.6,74,16.2,48.7,51.9,100.23,42.8,1639,1207,1370,3736
76ers,2016,1564,628,626,1520,0.401534527,28,54,3088,6992,44.2,2257,4549,0.496153001,831,2443,34,1393,1806,77.1,807,2706,3513,1949,1366,692,420,446,1793,1610,-467,0.322216521,82,3966,3966,106.4,63.1,1.43,17.6,22.4,75.3,16.4,50.1,53.9,100.96,47,1517,1106,1256,3698
Bucks,2014,13048,5828,6326,14388,0.446658492,41,41,3083,6722,45.9,2538,5222,0.486020682,545,1500,36.3,1312,1734,75.7,876,2574,3450,1932,1373,789,403,392,1814,1649,35,3.016563147,82,1301,3986,106.5,56.9,1.67,17.5,18.8,76.3,13.7,53.4,56.9,97.37,50.3,1374,1092,877,3262
Bucks,2015,9676,4340,5922,15476,0.448532451,33,49,3145,6740,46.7,2705,5463,0.495149185,440,1277,34.5,1391,1859,74.8,858,2559,3417,1895,1247,672,475,462,1695,1600,-343,2.290237467,82,3966,3966,105.7,60.3,1.52,17.7,24.9,73.1,15.7,49.9,53.7,96.55,48.3,1453,1153,1068,3606
Bucks,2016,1288,524,660,1644,0.406832298,42,40,3182,6715,47.4,2462,4769,0.516250786,720,1946,37,1413,1839,76.8,723,2589,3312,1984,1145,666,436,375,1660,1579,-15,0.264112903,82,3956,3956,106.4,62.4,1.73,18.6,21.5,75.4,14.4,52.7,56.5,96.73,50.4,1331,1040,961,3580
Bulls,2014,14188,6068,5732,15736,0.427685368,50,32,3001,6797,44.2,2356,4972,0.47385358,645,1825,35.3,1618,2067,78.3,959,2792,3751,1781,1145,514,476,443,1495,1736,246,3.407074677,82,1354,3976,107.1,59.5,1.6,16.9,20.2,81.2,14,48.6,51.4,98.63,44.3,1258,1079,1065,3344
Bulls,2015,13356,5840,6488,17716,0.437256664,42,40,3165,7170,44.1,2514,5417,0.464094517,651,1753,37.1,1354,1720,78.7,907,2889,3796,1870,1141,495,470,465,1545,1535,-121,3.122994652,82,3981,3981,103.9,59.1,1.64,17.1,24.5,74.9,14,48.7,52.6,98.25,49.4,1314,1169,1128,3642
Bulls,2016,1476,640,670,1800,0.433604336,41,41,3169,7141,44.4,2546,5310,0.479472693,623,1831,34,1474,1848,79.8,999,2797,3796,1851,1112,643,393,378,1455,1541,35,0.345759049,82,3956,3956,104.5,58.4,1.66,17,27,76.8,13.8,48.7,53,97.72,50.4,1267,977,1125,3710
Cavaliers,2014,15680,6772,6624,17432,0.431887755,53,29,3089,6739,45.8,2263,4486,0.504458315,826,2253,36.7,1453,1934,75.1,911,2612,3523,1814,1171,603,340,368,1510,1685,367,3.733186329,82,1397,3956,107.9,59.1,1.6,18,20.1,76.4,14.9,55.8,59.7,99.47,52,1329,1017,970,3502
Cavaliers,2015,15932,7128,6218,15892,0.447401456,57,25,3171,6888,46,2291,4460,0.51367713,880,2428,36.2,1333,1783,74.8,873,2777,3650,1861,1114,551,317,362,1666,1690,492,3.830198818,82,3971,3971,102.3,58.7,1.67,17.5,25.1,78.5,14.1,52.4,55.8,95.48,52.8,1278,919,917,3344
Cavaliers,2016,1400,612,500,1260,0.437142857,51,31,3275,6963,47,2208,4184,0.527724665,1067,2779,38.4,1431,1913,74.8,766,2821,3587,1858,1121,539,327,349,1486,1690,261,0.329386437,82,3976,3976,108,56.7,1.66,17.2,21.9,75.8,13.7,54.7,58,98.38,51,1365,1122,1094,3650
Celtics,2014,14060,5956,5742,14784,0.423613087,40,42,3193,7211,44.3,2533,5190,0.48805395,660,2021,32.7,1266,1678,75.4,910,2685,3595,2009,1133,674,294,431,1738,1545,13,2.964659034,82,1493,3976,100.6,59.5,1.59,17.2,21,78.9,14.3,51.7,55.6,97.72,53.2,1325,1108,890,3658
Celtics,2015,13976,5812,7596,19812,0.415855753,48,34,3216,7318,43.9,2499,5176,0.482805255,717,2142,33.5,1520,1929,78.8,950,2733,3683,1981,1127,752,348,450,1796,1718,263,2.933871782,82,3956,3956,100.9,61.6,1.76,17.6,25.1,74.6,13.5,48.8,53.1,101.15,52,1211,1164,888,3524
Celtics,2016,1396,608,562,1560,0.435530086,53,29,3168,6978,45.4,2183,4236,0.515344665,985,2742,35.9,1536,1903,80.7,744,2698,3442,2069,1088,617,340,425,1686,1664,216,0.293861769,82,3951,3951,105.5,65.3,1.9,18.9,21.2,75.3,13.3,52.5,56.7,99.32,51.4,1245,1143,1002,3544
Clippers,2014,16248,7528,5926,15028,0.463318562,56,26,3228,6830,47.3,2401,4628,0.518798617,827,2202,37.6,1468,2067,71,784,2711,3495,2031,1012,640,409,245,1749,1766,540,3.706548498,82,1301,3946,106.9,53.9,1.36,15.6,24.2,76.6,15.1,50.9,54.8,99.15,47.6,1218,1048,1007,3184
Clippers,2015,14640,6636,6218,15792,0.453278689,53,29,3141,6759,46.5,2344,4569,0.513022543,797,2190,36.4,1490,2152,69.2,721,2727,3448,1873,1063,709,460,259,1746,1842,351,3.542979178,82,3966,3966,100.9,59.6,1.76,17.6,20.1,73.8,13.2,52.4,55.6,97.97,53.3,1191,1135,1016,3386
Clippers,2016,1512,668,620,1640,0.441798942,51,31,3242,6820,47.5,2401,4575,0.524808743,841,2245,37.5,1586,2128,74.5,738,2790,3528,1848,1062,612,347,258,1626,1835,352,0.361471861,82,3951,3951,105.8,57,1.74,17.3,21.5,76.9,13.1,53.7,57.4,98.22,52.7,1247,1044,1171,3502
Grizzlies,2014,13568,5896,5658,15808,0.434551887,55,27,3097,6763,45.8,2674,5517,0.484683705,423,1246,33.9,1445,1869,77.3,856,2634,3490,1777,1094,700,347,424,1567,1662,266,3.317951604,82,1397,3981,105.3,58.9,1.42,16.7,19.4,77.1,15.3,50.3,54.5,95.66,47.6,1158,954,1101,3196
Grizzlies,2015,13328,5572,7554,18924,0.418067227,42,40,3019,6859,44,2515,5338,0.471150244,504,1521,33.1,1584,2024,78.3,916,2497,3413,1697,1090,724,350,469,1783,1732,-184,3.283441367,82,3966,3966,105.4,56.2,1.56,16.1,25.3,75.1,13.8,47.7,52.4,95.65,48.3,1239,970,1198,3160
Grizzlies,2016,1616,616,650,1428,0.381188119,43,39,2984,6854,43.5,2217,4685,0.47321238,767,2169,35.4,1504,1918,78.4,886,2621,3507,1744,1059,653,344,410,1840,1708,40,0.353211009,82,3981,3981,104.5,58.4,1.65,16.6,24.8,77.5,13.5,49.1,53.5,94.74,50.1,1217,946,1199,3096
Hawks,2014,17052,7604,6866,16540,0.445930096,60,22,3121,6699,46.6,2303,4547,0.506487794,818,2152,38,1349,1735,77.8,715,2611,3326,2111,1167,744,380,404,1457,1611,445,3.60208432,82,1397,3946,108.4,61.2,1.5,17.8,21.1,74,15.7,52,55.4,99.75,47.2,1290,1161,916,3232
Hawks,2015,17520,7644,7912,19304,0.43630137,48,34,3168,6923,45.8,2353,4597,0.511855558,815,2326,35,1282,1638,78.3,679,2772,3451,2100,1226,747,486,411,1570,1500,296,3.64,82,3966,3966,98.8,66.3,1.71,19.1,19.1,74.6,15,51.6,55.2,99.4,52.8,1308,1071,976,3354
Hawks,2016,1404,640,736,1568,0.455840456,43,39,3123,6918,45.1,2394,4781,0.500732064,729,2137,34.1,1484,2039,72.8,842,2793,3635,1938,1294,672,397,424,1491,1768,-70,0.330237358,82,3976,3976,103.1,62.1,1.5,17.5,23.6,76.1,15.7,50.4,54.1,99.83,50.6,1425,1083,1048,3210
Heat,2014,10792,4604,5388,13220,0.426612305,37,45,2885,6330,45.6,2329,4671,0.498608435,556,1659,33.5,1438,1940,74.1,747,2461,3208,1626,1214,642,372,359,1636,1715,-213,2.831488315,82,1349,3946,104.4,56.6,1.33,16.6,18.6,78.6,16.2,52.8,55.9,97.77,48.6,1382,1088,936,3362
Heat,2015,13152,5884,9304,25712,0.447384428,48,34,3150,6697,47,2652,5217,0.508338125,498,1480,33.6,1405,1887,74.5,807,2811,3618,1709,1155,553,531,337,1502,1608,135,3.442949093,82,3966,3966,101.5,54.3,1.48,16.4,23.8,77.8,14.7,50.8,54.5,95.75,52.5,1278,1062,879,3444
Heat,2016,1172,476,482,1392,0.406143345,41,41,3202,7037,45.5,2394,4824,0.496268657,808,2213,36.5,1248,1768,70.6,872,2705,3577,1742,1102,588,469,398,1680,1530,87,0.273249139,82,3956,3956,104.1,54.4,1.58,16.3,24.2,76.4,13.7,51.2,54.1,97.59,50,1142,1053,844,3646
Hornets,2014,12052,4932,4294,12268,0.409226684,33,49,2913,6932,42,2415,5366,0.450055908,498,1566,31.8,1397,1867,74.8,820,2793,3613,1654,976,499,448,440,1494,1708,-260,2.981862152,82,1354,3981,104.5,53.6,1.49,15.3,22.2,81.6,13.3,48.9,53.2,101.06,49.1,1053,1031,905,3156
Hornets,2015,13848,5864,5226,13868,0.42345465,48,34,3036,6922,43.9,2163,4512,0.479388298,873,2410,36.2,1534,1941,79,734,2869,3603,1778,1029,595,438,448,1487,1670,223,3.298087739,82,3971,3971,101.8,58.6,1.73,16.8,20,79.8,12.7,50.2,54.5,97.8,51.1,1155,933,1017,3280
Hornets,2016,1288,516,496,1316,0.400621118,36,46,3093,7000,44.2,2269,4653,0.487642381,824,2347,35.1,1591,1953,81.5,721,2853,3574,1891,942,571,390,450,1360,1631,16,0.272871497,82,3966,3966,106.1,61.1,2.01,17.7,19.9,79.6,11.7,50.1,54.7,97.85,50.5,1071,937,1055,3320
Jazz,2014,12060,5028,5348,13296,0.416915423,38,44,2900,6492,44.7,2290,4711,0.48609637,610,1781,34.3,1391,1929,72.1,988,2617,3605,1632,1256,623,489,382,1583,1604,18,3.080882353,82,1397,3941,101.8,57.8,1.45,17,20,78.5,15.3,52.6,56.3,97.71,52.2,1429,1028,1037,3236
Jazz,2015,12204,5196,5432,14032,0.425762045,40,42,2957,6593,44.9,2263,4637,0.488031055,694,1956,35.5,1402,1885,74.4,880,2665,3545,1554,1224,631,425,385,1655,1629,147,3.343629344,82,3991,3991,101.6,52.6,1.27,15.2,25.9,77.7,15.8,50.1,54,93.26,50.8,1312,940,961,3246
Jazz,2016,1576,656,594,1660,0.416243655,51,31,3033,6515,46.6,2242,4387,0.511055391,791,2128,37.2,1401,1875,74.7,771,2774,3545,1651,1118,550,410,312,1545,1655,323,0.397334949,82,3951,3951,102.7,54.4,1.48,16.3,23.2,78.9,14.5,52.6,56.3,93.62,53.4,1243,878,865,3358
Kings,2014,11024,4964,5542,14576,0.450290276,29,53,3010,6617,45.5,2549,5267,0.483956712,461,1350,34.1,1829,2400,76.2,895,2728,3623,1667,1333,550,324,508,1696,1958,-304,2.977804439,82,1349,3971,109.1,54.5,1.38,16.1,21.5,76.3,15.3,49.5,52.2,96.82,43.8,1524,1115,1378,3596
Kings,2015,14444,6524,6498,16700,0.451675436,33,49,3283,7083,46.4,2623,5244,0.500190694,660,1839,35.9,1514,2089,72.5,868,2760,3628,2009,1326,733,368,437,1676,1800,-203,3.24738676,82,3961,3961,106.3,61.2,1.52,17.7,23.9,74.9,15.7,51,54.6,102.24,49.4,1528,1117,1231,3574
Kings,2016,1488,616,772,1828,0.413978495,32,50,3105,6734,46.1,2368,4774,0.496020109,737,1960,37.6,1483,1913,77.5,715,2652,3367,1844,1201,627,324,420,1667,1646,-318,0.334056399,82,3976,3976,109.1,59.4,1.54,17.4,21,76.3,14.9,51.6,55.6,97.06,47.8,1426,1024,1209,3340
Knicks,2014,12536,5500,5204,12208,0.438736439,17,65,2882,6726,42.8,2322,5112,0.454225352,560,1614,34.7,1211,1575,76.9,867,2443,3310,1746,1206,575,382,353,1768,1564,-764,3.150057274,82,1349,3971,105.2,57.4,1.45,17.3,26.4,77.4,16,51.8,55.5,98.73,51.3,1406,1027,1006,3372
Knicks,2015,11896,5208,5154,14288,0.437794217,32,50,3022,6886,43.9,2412,5124,0.470725995,610,1762,34.6,1411,1753,80.5,850,2788,3638,1682,1099,467,466,343,1616,1520,-224,3.096313912,82,3961,3961,104.8,55.7,1.53,16.1,23.7,75.8,13.9,48.3,52.7,95.83,48.7,1262,1043,1050,3538
Knicks,2016,1336,576,516,1616,0.431137725,31,51,3244,7256,44.7,2540,5234,0.485288498,704,2022,34.8,1364,1731,78.8,983,2723,3706,1786,1139,581,455,377,1668,1516,-301,0.322508399,82,3971,3971,108.7,55.1,1.57,16.3,26.6,74.1,13.9,49.6,53.4,98.63,48.2,1354,1204,1147,3780
Lakers,2014,11292,4852,4982,13936,0.429684733,21,61,3054,7020,43.5,2522,5474,0.46072342,532,1546,34.4,1433,1935,74.1,952,2647,3599,1715,1086,578,366,396,1741,1589,-561,2.829154519,82,1311,3986,103.3,56.8,1.35,16.6,23.5,77.8,16.2,50.4,53.4,104.63,48.5,1305,1025,1241,3696
Lakers,2015,11512,4748,6176,17860,0.412439194,17,65,2880,6956,41.4,2241,4940,0.453643725,639,2016,31.7,1583,2028,78.1,878,2645,3523,1478,1124,593,337,458,1662,1573,-784,3.212449256,82,3946,3946,109.3,51.3,1.31,14.1,23.1,74.7,13.9,46,50.9,97.99,42.4,1352,1172,1393,3918
Lakers,2016,1376,612,772,1940,0.444767442,26,56,3224,7164,45,2494,5054,0.493470518,730,2110,34.6,1397,1853,75.4,933,2636,3569,1716,1243,674,320,440,1698,1520,-564,0.356643357,82,3941,3941,110.6,53.2,1.38,15.7,25,75.8,15,50.1,53.7,100.8,44.6,1474,1087,1328,3890
Magic,2014,11880,5280,5456,14132,0.444444444,25,57,3076,6792,45.3,2522,5194,0.485560262,554,1598,34.7,1141,1565,72.9,822,2607,3429,1692,1221,647,314,441,1714,1467,-469,3.120567376,82,1445,3951,107.1,59.2,1.57,17.6,19.1,75.8,14.7,52.4,55.4,102.17,47.4,1384,957,1010,3366
Magic,2015,13912,6052,6296,15936,0.435020127,35,47,3242,7120,45.5,2606,5302,0.491512637,636,1818,35,1249,1649,75.7,843,2709,3552,1933,1155,673,417,448,1701,1497,-133,3.130884635,82,3981,3981,104.6,59.6,1.67,17.7,23.1,76.5,14.2,50,53.3,98.16,48.8,1314,934,1079,3564
Magic,2016,1412,528,514,1588,0.373937677,29,53,3139,7133,44,2438,4994,0.488185823,701,2139,32.8,1309,1753,74.7,807,2734,3541,1820,1091,580,396,419,1584,1532,-539,0.29010989,82,3961,3961,108,58,1.67,16.8,21.6,77.4,13.3,48.9,52.4,99.11,46,1305,1097,1068,3820
Mavericks,2014,14516,6420,5978,14740,0.442270598,50,32,3255,7036,46.3,2523,4954,0.509285426,732,2082,35.2,1386,1843,75.2,858,2608,3466,1846,1062,663,371,314,1644,1816,238,3.477789816,82,1397,3976,106,57.9,1.6,16.7,17.7,79.5,13.6,50.5,53.8,97.38,46.5,1245,1150,1301,3352
Mavericks,2015,14168,5976,6804,17444,0.421795596,42,40,3064,6900,44.4,2258,4558,0.495392716,806,2342,34.4,1454,1831,79.4,751,2781,3532,1813,1047,560,306,363,1595,1757,-25,3.296194153,82,4001,4001,104.3,59.2,1.73,17.2,20.6,76.2,13.1,50.2,54.4,96.4,50.3,1213,1100,1316,3350
Mavericks,2016,1360,548,468,1140,0.402941176,33,49,2968,6750,44,2090,4277,0.488660276,878,2473,35.5,1215,1516,80.1,647,2516,3163,1705,972,614,307,280,1567,1591,-240,0.321407625,82,3956,3956,106.3,57.4,1.75,16.9,18.1,77.6,12.6,50.5,54.1,94.16,47.9,1148,951,1118,3242
Nets,2014,12052,5140,5306,15492,0.426485231,38,44,3069,6804,45.1,2528,5171,0.488880294,541,1633,33.1,1359,1817,74.8,846,2627,3473,1716,1133,576,340,372,1579,1641,-236,2.995337995,82,1344,3986,106.9,58.4,1.39,16.4,21.9,77.3,15.5,50.8,54.6,104.11,47.6,1280,1152,1133,3574
Nets,2015,11908,5208,5460,15404,0.43735304,21,61,3136,6920,45.3,2605,5412,0.481337768,531,1508,35.2,1286,1699,75.7,863,2614,3477,1829,1212,627,332,430,1476,1510,-603,2.847457627,82,3951,3951,108.5,58.3,1.51,17.1,24.1,75.7,15.1,49.2,52.7,97.37,46,1497,989,1188,3924
Nets,2016,1380,532,640,1636,0.385507246,20,62,3102,6987,44.4,2225,4396,0.506141947,877,2591,33.8,1592,2020,78.8,721,2879,3600,1756,1356,593,387,457,1726,1671,-552,0.302961276,82,3951,3951,108,56.6,1.29,16,19.6,76.1,15.9,50.7,55.1,103.58,46,1570,1176,1151,3692
Nuggets,2014,12104,4940,5460,14380,0.408129544,30,52,3099,7158,43.3,2439,5126,0.475809598,660,2032,32.5,1462,1991,73.4,1012,2653,3665,1788,1166,641,367,504,1882,1698,-291,2.762863535,82,1402,3976,107.4,58.4,1.49,17.3,27.5,77.9,15.7,52.7,55.8,99.51,50.2,1348,1160,1082,3516
Nuggets,2015,12728,5504,6084,16900,0.432432432,33,49,3093,7003,44.2,2437,5060,0.481620553,656,1943,33.8,1513,1974,76.6,941,2718,3659,1858,1202,609,395,517,1723,1712,-254,2.962325081,82,3966,3966,106.4,60.1,1.55,17,25.8,77.3,14.8,48.9,53.1,98.16,47.9,1378,995,1070,3534
Nuggets,2016,1316,524,630,1748,0.398176292,40,42,3377,7194,46.9,2507,4829,0.519155105,870,2365,36.8,1537,1986,77.4,966,2837,3803,2077,1226,568,323,404,1567,1653,42,0.252286952,82,3951,3951,110.5,61.5,1.69,18.3,27.3,78.7,14.7,53,56.8,100.7,50.3,1472,1007,1174,3888
Pacers,2014,12208,5284,4872,12360,0.432830931,38,44,2998,6824,43.9,2386,5084,0.4693155,612,1740,35.2,1373,1817,75.6,856,2822,3678,1757,1147,505,375,386,1742,1754,23,3.007398976,82,1397,3971,105.9,55.5,1.64,17.3,22.2,75.5,14,53.5,56.5,100.36,51.1,1274,967,1070,3140
Pacers,2015,13552,5828,7932,18248,0.430047226,45,37,3142,6985,45,2479,5096,0.486459969,663,1889,35.1,1430,1872,76.4,847,2779,3626,1741,1219,742,391,366,1641,1676,140,3.347501436,82,3976,3976,100.2,55.4,1.43,16.2,23.4,76,14.9,49.7,53.6,98.99,51.8,1337,1070,1002,3408
Pacers,2016,1672,744,842,1816,0.444976077,42,40,3221,6931,46.5,2512,5046,0.497820055,709,1885,37.6,1467,1811,81,742,2702,3444,1844,1130,669,409,407,1597,1599,-18,0.403470716,82,3971,3971,106.3,57.2,1.63,17.2,21.2,75.5,13.9,51.6,55.8,98.15,50.5,1330,1060,867,3256
Pelicans,2014,12552,5508,4920,15664,0.438814532,45,37,3108,6795,45.7,2522,5212,0.483883346,586,1583,37,1345,1790,75.1,942,2621,3563,1806,1087,553,510,475,1530,1533,65,3.049833887,82,1455,3956,107.8,63.7,1.62,19.3,20.2,77,16.1,55.7,58.5,102.16,50.8,1210,1058,1123,3812
Pelicans,2015,13496,5880,5260,14856,0.435684647,30,52,3153,7040,44.8,2451,5089,0.481627039,702,1951,36,1415,1823,77.6,782,2712,3494,1818,1102,633,342,423,1713,1630,-311,3.234323432,82,3956,3956,107.3,57.7,1.65,16.9,21.2,78.8,13.5,49.8,53.7,98.91,47.2,1226,927,962,3544
Pelicans,2016,1836,728,624,1800,0.396514161,34,48,3210,7130,45,2442,4934,0.494933117,768,2196,35,1368,1825,75,703,2879,3582,1869,1054,638,453,348,1490,1581,-172,0.389513109,82,3981,3981,104.9,58.2,1.77,17.2,18.5,76.8,12.7,50.4,53.9,100.09,49.3,1276,1013,1114,3616
Pistons,2014,11748,4960,5498,15000,0.422199523,32,50,3041,7038,43.2,2338,4995,0.468068068,703,2043,34.4,1292,1838,70.3,1051,2630,3681,1771,1099,623,383,391,1559,1584,-82,2.800677583,82,1392,3966,104.3,56.6,1.51,16.7,24.2,77.5,14.7,51.1,54.1,98.05,48.1,1295,1110,930,3522
Pistons,2015,13184,5520,5412,15608,0.41868932,44,38,3111,7087,43.9,2371,4939,0.480056692,740,2148,34.5,1399,2095,66.8,1021,2777,3798,1594,1110,573,304,366,1557,1773,50,3.462986198,82,3976,3976,103.4,51.2,1.44,14.9,27,79.3,13.7,49.1,52.2,97.39,48.6,1195,879,854,3640
Pistons,2016,1556,628,560,1672,0.403598972,37,45,3269,7282,44.9,2638,5367,0.491522266,631,1915,33,1140,1586,71.9,908,2838,3746,1732,973,574,310,339,1467,1434,-92,0.362586605,82,3961,3961,105.3,53,1.78,16.2,24.1,81.2,12.1,49.2,52.1,97.09,48.2,1045,832,877,3378
Raptors,2014,11360,4960,5366,14924,0.436619718,49,33,3108,6829,45.5,2382,4769,0.499475781,726,2060,35.2,1585,2014,78.7,881,2526,3407,1701,1057,615,357,413,1712,1668,252,2.915931805,82,1296,3971,102.4,55.9,1.66,17.5,21.6,77.5,13.8,54.8,58.3,100.39,54,1230,1162,1013,3582
Raptors,2015,13268,5716,6298,16552,0.430810974,56,26,3006,6669,45.1,2298,4755,0.483280757,708,1914,37,1702,2190,77.7,836,2724,3560,1536,1073,636,449,442,1610,1801,369,3.721354167,82,3956,3956,102.7,51.1,1.43,15,24.6,77.7,13.6,50.4,55.2,95.31,52.5,1163,948,898,3286
Raptors,2016,1280,524,542,1564,0.409375,51,31,3211,6918,46.4,2486,4922,0.505079236,725,1996,36.3,1615,2028,79.6,871,2676,3547,1517,1041,677,400,392,1708,1666,345,0.345418589,82,3956,3956,104.9,47.2,1.46,14.6,25,76.3,13,51.7,56.1,97.11,51.6,1224,1071,945,3418
Rockets,2014,14360,6028,7330,17984,0.419777159,56,26,3032,6832,44.4,2099,4152,0.505539499,933,2680,34.8,1525,2133,71.5,958,2624,3582,1820,1366,776,407,437,1803,1730,282,3.312087912,82,1296,3961,102.2,57.8,1.49,17.1,21.8,81.3,15.1,56.5,60.4,101.6,54.9,1504,1149,1253,3616
Rockets,2015,13656,5840,7092,16800,0.427650849,41,41,3094,6847,45.2,2216,4314,0.513676402,878,2533,34.7,1671,2407,69.4,930,2601,3531,1821,1307,821,430,404,1790,1847,16,3.207029105,82,3966,3966,105.6,58.9,1.39,16.5,25.7,72.8,15.8,51.6,55.3,100.08,49,1597,1202,1183,3654
Rockets,2016,1432,660,612,1596,0.460893855,55,27,3305,7152,46.2,2124,3846,0.55226209,1181,3306,35.7,1667,2177,76.6,892,2746,3638,2070,1240,670,352,409,1634,1674,473,0.31884058,82,3956,3956,106.4,62.6,1.67,18.1,24.6,75.8,14.7,54.5,58.3,102.54,51.6,1432,1135,1170,4018
Spurs,2014,13484,5868,5516,15504,0.435182438,55,27,3208,6854,46.8,2531,5007,0.505492311,677,1847,36.7,1368,1754,78,806,2772,3578,2000,1146,657,444,362,1564,1613,508,2.934,82,1392,3991,101.7,59.4,1.59,17.5,24.9,79.1,14.8,50.9,54.5,96.61,53,1235,979,1156,3482
Spurs,2015,14888,6848,7772,21476,0.459967759,67,15,3289,6797,48.4,2719,5279,0.51505967,570,1518,37.5,1342,1672,80.3,770,2831,3601,2010,1071,677,485,317,1433,1597,872,3.406965174,82,3941,3941,96.6,61.1,1.88,18.9,23,79.1,13.7,52.6,56.4,95.72,57.8,1103,876,996,3286
Spurs,2016,1548,656,568,1476,0.42377261,61,21,3222,6864,46.9,2469,4937,0.500101276,753,1927,39.1,1440,1806,79.7,821,2777,3598,1954,1101,655,484,333,1498,1623,590,0.335721597,82,3961,3961,100.9,60.6,1.77,18.2,24,77.6,13.9,52.4,56.4,96.41,55.1,1205,1015,1036,3344
Suns,2014,12776,5416,5706,14428,0.42391985,39,43,3178,7038,45.2,2480,4990,0.496993988,698,2048,34.1,1343,1767,76,896,2643,3539,1659,1238,700,385,337,1744,1664,-74,3.264617239,82,1445,3976,109.3,50.8,1.27,14.8,24.1,76.3,15.1,49.3,53.4,104.13,45.7,1412,1183,1250,3718
Suns,2015,12836,5400,6018,13976,0.420691804,23,59,3051,7018,43.5,2313,4900,0.472040816,738,2118,34.8,1431,1905,75.1,943,2733,3676,1701,1410,632,313,449,1858,1770,-546,3.174603175,82,3941,3941,107,55.8,1.21,15.5,25.4,77.1,16.9,48.7,52.6,100.86,45,1653,1034,1416,3590
Suns,2016,1252,504,722,1804,0.402555911,24,58,3270,7260,45,2655,5406,0.491120977,615,1854,33.2,1676,2159,77.6,976,2712,3688,1604,1265,673,399,435,2030,1822,-462,0.314214464,82,3966,3966,109.3,49.1,1.27,14.5,26,76.4,14.9,49.3,53.8,102.88,46.2,1488,1108,1312,3606
Thunder,2014,12264,5316,5238,14380,0.433463796,45,37,3184,7119,44.7,2552,5255,0.485632731,632,1864,33.9,1524,2020,75.4,1052,2844,3896,1681,1205,598,454,377,1829,1675,179,3.162403331,82,1364,3966,100.7,55.5,1.39,15.8,27.1,77.6,15.1,49.3,52.6,98.36,50.3,1356,1049,1028,3506
Thunder,2015,15088,6872,8906,24684,0.455461294,55,27,3372,7082,47.6,2694,5137,0.524430602,678,1945,34.9,1616,2067,78.2,1071,2916,3987,1883,1305,603,487,373,1691,1653,597,3.649495486,82,3966,3966,103,55.8,1.44,16.8,31.1,76,15.9,52.4,56.5,99.37,54.6,1446,1143,1085,3706
Thunder,2016,1396,568,608,1660,0.406876791,47,35,3237,7169,45.2,2545,5053,0.503661191,692,2116,32.7,1575,2113,74.5,1002,2821,3823,1721,1230,648,408,450,1715,1697,62,0.330040674,82,3961,3961,105.1,53.2,1.4,15.6,27.9,79,14.8,50,54,100.47,49.9,1387,998,913,3896
Timberwolves,2014,10476,4516,5714,14652,0.431080565,16,66,2986,6820,43.8,2580,5597,0.460961229,406,1223,33.2,1638,2110,77.6,949,2406,3355,1771,1231,668,327,449,1571,1751,-721,2.549971767,82,1402,3961,107.6,57,1.65,17.2,25.6,76.6,14,52,56.3,98.07,51.7,1427,1223,1175,3938
Timberwolves,2015,11456,5240,5614,14784,0.457402235,29,53,3095,6668,46.4,2640,5321,0.496147341,455,1347,33.8,1753,2213,79.2,821,2587,3408,1916,1231,656,375,427,1696,1768,-290,2.734864301,82,3976,3976,107.1,61.9,1.56,17.8,24.3,74.7,15.3,49.8,54.9,97.59,49.7,1461,1079,1097,3784
Timberwolves,2016,1060,464,594,1488,0.437735849,31,51,3235,6922,46.7,2634,5199,0.506635892,601,1723,34.9,1586,1986,79.9,938,2540,3478,1940,1150,654,370,413,1646,1681,-91,0.239175258,82,3961,3961,109.1,60,1.69,17.8,27.2,75.9,14.4,51.1,55.5,97.11,50.1,1413,1100,1140,3792
Warriors,2014,16408,7664,7050,17724,0.467089225,67,15,3410,7137,47.8,2527,4920,0.513617886,883,2217,39.8,1313,1709,76.8,853,2814,3667,2248,1185,762,496,293,1628,1541,828,3.409252669,82,1397,3946,101.3,69.8,1.9,21.8,21.1,76.8,15.9,58.8,61.9,103.01,58.1,1250,1164,1142,3410
Warriors,2015,16728,8280,6948,18348,0.494978479,73,9,3489,7159,48.7,2412,4567,0.528136632,1077,2592,41.6,1366,1790,76.3,816,2972,3788,2373,1245,689,498,336,1701,1627,882,3.489254109,82,3976,3976,100.9,68,1.91,20.5,23.5,76,14.9,56.3,59.3,101.65,56.7,1365,1130,1187,3698
Warriors,2016,1436,668,640,1684,0.465181058,67,15,3532,7140,49.5,2550,4578,0.557011796,982,2562,38.3,1457,1850,78.8,770,2873,3643,2491,1211,785,555,313,1585,1588,954,0.268165395,82,3956,3956,101.1,70.5,2.06,21.4,22.8,74.9,14.4,56.3,59.7,102.24,57.9,1371,1146,1182,3726
Wizards,2014,13900,6244,5762,14732,0.449208633,46,36,3139,6790,46.2,2642,5409,0.488445184,497,1381,36,1305,1758,74.2,862,2801,3663,1969,1233,601,378,350,1707,1610,59,3.171152869,82,1402,3991,103.2,56.6,1.57,16.7,22.3,76.5,14,51.1,55,99.2,51.3,1333,1034,963,3138
Wizards,2015,14360,6312,5428,13688,0.439554318,41,41,3238,7033,46,2529,5050,0.500792079,709,1983,35.8,1349,1849,73,743,2688,3431,2005,1186,708,323,356,1708,1651,-41,3.148129676,82,3951,3951,103.6,61.9,1.69,18.2,20.6,77.7,14.3,51.1,54.4,100.63,49.7,1288,958,1045,3376
Wizards,2016,1384,648,608,1512,0.468208092,49,33,3388,7137,47.5,2632,5107,0.515371059,756,2030,37.2,1421,1812,78.4,843,2671,3514,1956,1162,693,336,377,1745,1621,148,0.331288344,82,3971,3971,106.9,57.7,1.68,17.7,24.1,75.5,14.1,52.8,56.4,99.68,51.1,1348,1134,989,3596